tea,butter,sugar,broccoli,bread,rice,onion,pepper
broccoli,onion,tomato,beans,juice,lentils,chicken,flour
cabbage,cucumber,onion,flour,potato,,,
cucumber,butter,juice,lentils,pepper,,,
cucumber,lentils,flour,pasta,cereal,broccoli,milk,
yogurt,tea,sugar,tomato,butter,broccoli,,
potato,rice,flour,lentils,cucumber,lettuce,coffee,chicken
lentils,oil,coffee,pasta,tea,,,
beans,flour,chicken,tomato,salt,yogurt,lentils,
beans,lettuce,spinach,eggs,cucumber,,,
rice,bread,juice,pepper,oil,lettuce,,
oil,lentils,carrot,butter,cucumber,cereal,lettuce,eggs
carrot,tomato,juice,cheese,lettuce,spinach,milk,
lentils,cheese,pepper,spinach,juice,chicken,potato,
butter,pepper,coffee,rice,carrot,,,
tomato,cabbage,coffee,juice,tea,cheese,rice,
oil,lettuce,cheese,pepper,eggs,tea,chicken,bread
spinach,eggs,flour,carrot,tomato,pepper,lettuce,
yogurt,cereal,flour,lettuce,tea,rice,oil,
pepper,cereal,chicken,pasta,cabbage,cheese,butter,rice
yogurt,butter,lentils,tea,cucumber,bread,spinach,
beans,pasta,cabbage,bread,juice,lentils,,
rice,spinach,juice,bread,tea,carrot,pasta,pepper
rice,coffee,cereal,chicken,spinach,,,
butter,lentils,yogurt,cabbage,lettuce,oil,eggs,
rice,lettuce,broccoli,cheese,cucumber,milk,,
beans,spinach,yogurt,butter,lettuce,broccoli,milk,
beans,salt,coffee,lentils,carrot,,,
cheese,bread,lettuce,eggs,broccoli,lentils,flour,salt
cereal,milk,carrot,rice,sugar,cheese,,
lentils,broccoli,milk,eggs,carrot,cabbage,,
cheese,yogurt,milk,rice,oil,cereal,flour,butter
yogurt,cheese,cucumber,potato,coffee,tomato,,
tea,milk,bread,onion,sugar,juice,coffee,
salt,rice,cheese,milk,butter,,,
pepper,tomato,yogurt,milk,butter,,,
yogurt,spinach,potato,cabbage,pasta,,,
milk,cheese,yogurt,spinach,lettuce,cabbage,carrot,
juice,sugar,spinach,cereal,rice,eggs,lentils,bread
tomato,carrot,cereal,chicken,tea,pepper,,
lettuce,pepper,oil,flour,cheese,,,
lettuce,tea,carrot,pasta,eggs,,,
tea,sugar,lentils,salt,chicken,cheese,,
flour,butter,pasta,cabbage,sugar,tomato,,
potato,salt,coffee,cucumber,oil,broccoli,tea,
butter,beans,carrot,potato,cheese,tomato,,
cereal,onion,tomato,sugar,oil,pepper,flour,
onion,flour,pasta,sugar,yogurt,oil,,
cereal,pepper,salt,juice,lentils,eggs,,
eggs,spinach,sugar,salt,lentils,flour,,
cucumber,cheese,juice,salt,sugar,lentils,chicken,oil
rice,sugar,salt,beans,lentils,onion,,
pepper,potato,bread,broccoli,onion,juice,,
pepper,oil,flour,salt,lentils,cereal,pasta,carrot
sugar,juice,pepper,cheese,lentils,carrot,tomato,yogurt
milk,salt,butter,pepper,broccoli,cereal,cheese,
spinach,lettuce,carrot,bread,tea,juice,yogurt,
tomato,lentils,pepper,juice,spinach,bread,milk,flour
coffee,eggs,pasta,tea,beans,lettuce,juice,
coffee,spinach,cheese,pasta,potato,cucumber,,
rice,eggs,oil,spinach,cucumber,,,
pepper,cucumber,tomato,butter,spinach,,,
coffee,cheese,carrot,milk,cabbage,pepper,beans,pasta
cucumber,onion,butter,cereal,juice,lettuce,pasta,eggs
chicken,juice,lettuce,tea,sugar,cereal,spinach,coffee
cucumber,beans,carrot,lettuce,tomato,salt,,
carrot,tea,pepper,broccoli,tomato,bread,,
butter,spinach,rice,eggs,tea,beans,carrot,
tomato,potato,cucumber,tea,lentils,lettuce,chicken,
rice,coffee,tea,butter,cucumber,milk,bread,broccoli
cucumber,salt,cereal,pepper,chicken,flour,,
flour,spinach,oil,carrot,cereal,,,
eggs,broccoli,butter,beans,milk,pepper,,
chicken,juice,rice,tea,lentils,beans,sugar,
cereal,butter,yogurt,chicken,coffee,,,
spinach,cucumber,cheese,tomato,milk,lentils,,
cabbage,cheese,rice,milk,pepper,,,
beans,cheese,lettuce,tomato,juice,oil,,
coffee,tea,salt,yogurt,lentils,chicken,potato,spinach
cucumber,rice,lentils,eggs,cereal,oil,salt,juice
lentils,beans,pepper,yogurt,pasta,rice,chicken,
tea,lettuce,onion,juice,coffee,carrot,,
sugar,tea,tomato,pepper,coffee,cheese,,
carrot,yogurt,eggs,chicken,sugar,coffee,potato,
carrot,chicken,cheese,beans,oil,juice,coffee,
cheese,cereal,butter,chicken,cabbage,,,
cabbage,onion,cheese,milk,lentils,,,
spinach,beans,lentils,salt,pepper,yogurt,,
cereal,beans,milk,onion,pepper,,,
tomato,flour,cucumber,salt,rice,carrot,cereal,lentils
chicken,carrot,salt,cereal,bread,cheese,lettuce,
cereal,onion,potato,milk,cabbage,spinach,eggs,sugar
cucumber,onion,tea,eggs,carrot,,,
eggs,cheese,broccoli,sugar,lentils,milk,flour,
juice,butter,oil,pepper,salt,onion,flour,cabbage
onion,pasta,eggs,cheese,milk,sugar,cereal,rice
pepper,cucumber,flour,cereal,cabbage,cheese,,
cereal,pasta,tomato,milk,coffee,cucumber,rice,flour
yogurt,sugar,cucumber,beans,lettuce,lentils,pepper,
rice,coffee,cucumber,lettuce,pepper,cereal,beans,flour
eggs,flour,cheese,butter,cereal,chicken,carrot,juice
lentils,milk,salt,cabbage,pasta,,,
beans,lettuce,tea,oil,cereal,juice,,
lentils,cabbage,sugar,broccoli,butter,cucumber,,
coffee,flour,tomato,oil,lettuce,pepper,potato,
potato,bread,broccoli,tea,pasta,coffee,lentils,milk
milk,beans,tea,coffee,broccoli,spinach,cheese,onion
potato,beans,flour,cabbage,yogurt,coffee,oil,
spinach,coffee,rice,sugar,flour,bread,,
coffee,pepper,tomato,chicken,flour,potato,,
cucumber,yogurt,sugar,pepper,lentils,,,
beans,chicken,rice,pepper,milk,pasta,cheese,broccoli
spinach,broccoli,eggs,cereal,pepper,pasta,,
milk,cereal,pasta,cucumber,cheese,,,
yogurt,bread,chicken,tomato,eggs,,,
pepper,tea,lentils,cabbage,potato,spinach,onion,lettuce
butter,lentils,cucumber,yogurt,tomato,sugar,eggs,cheese
lettuce,cereal,broccoli,cabbage,sugar,salt,oil,
spinach,yogurt,sugar,onion,carrot,eggs,lettuce,
potato,sugar,milk,salt,carrot,bread,cabbage,
carrot,beans,coffee,cereal,cabbage,cheese,pepper,flour
potato,lentils,spinach,carrot,salt,sugar,broccoli,
butter,coffee,cucumber,cereal,eggs,onion,,
pepper,onion,oil,pasta,broccoli,,,
juice,rice,salt,cabbage,tea,coffee,lettuce,milk
pepper,beans,juice,sugar,oil,pasta,,
pasta,juice,salt,spinach,lettuce,rice,milk,carrot
flour,oil,onion,pepper,cucumber,,,
juice,milk,pasta,salt,tea,bread,,
butter,flour,bread,sugar,pasta,cabbage,pepper,
oil,carrot,flour,cereal,tomato,,,
rice,eggs,chicken,sugar,tea,potato,cucumber,
coffee,chicken,yogurt,bread,lettuce,,,
bread,oil,cucumber,milk,spinach,lentils,onion,tomato
potato,cereal,beans,rice,chicken,tomato,cucumber,
lentils,rice,cabbage,broccoli,salt,onion,carrot,
chicken,pasta,milk,eggs,onion,spinach,cereal,oil
butter,carrot,cabbage,cheese,potato,broccoli,,
cheese,yogurt,broccoli,pasta,cabbage,,,
yogurt,tomato,coffee,flour,cucumber,onion,,
pepper,salt,broccoli,milk,rice,flour,chicken,
cabbage,cereal,yogurt,coffee,flour,butter,,
cabbage,chicken,tomato,broccoli,butter,,,
milk,cereal,beans,yogurt,tea,coffee,bread,
beans,oil,spinach,flour,tomato,rice,,
potato,bread,yogurt,sugar,oil,spinach,salt,
flour,broccoli,oil,beans,milk,potato,rice,pepper
sugar,flour,yogurt,milk,onion,cabbage,pepper,coffee
cheese,flour,chicken,coffee,sugar,tea,,
beans,rice,yogurt,tomato,chicken,broccoli,,
milk,salt,eggs,cabbage,chicken,rice,,
onion,butter,cabbage,chicken,broccoli,yogurt,tea,beans
yogurt,spinach,cheese,rice,tea,tomato,chicken,cucumber
juice,pepper,coffee,cucumber,onion,oil,,
potato,rice,spinach,oil,juice,onion,,
potato,beans,flour,cereal,chicken,,,
tomato,tea,pasta,cucumber,eggs,carrot,,
lettuce,cucumber,beans,spinach,cabbage,,,
tea,tomato,oil,eggs,salt,lettuce,pepper,bread
beans,flour,salt,coffee,yogurt,juice,,
broccoli,potato,oil,cucumber,yogurt,,,
spinach,flour,beans,tomato,juice,oil,cabbage,lentils
cucumber,onion,beans,yogurt,milk,cabbage,tomato,
tomato,eggs,rice,beans,pepper,,,
lettuce,cabbage,chicken,potato,coffee,juice,cheese,
oil,bread,tea,broccoli,potato,,,
rice,butter,yogurt,oil,milk,eggs,cereal,spinach
onion,bread,juice,sugar,cabbage,,,
coffee,potato,cereal,sugar,cucumber,pasta,spinach,tea
potato,yogurt,sugar,beans,pasta,cheese,lettuce,
sugar,oil,eggs,flour,salt,pasta,,
beans,pepper,cabbage,rice,salt,,,
lettuce,pasta,carrot,spinach,tomato,salt,potato,
spinach,salt,onion,carrot,lettuce,broccoli,potato,yogurt
potato,tomato,cheese,oil,lentils,,,
carrot,eggs,sugar,cabbage,cheese,rice,chicken,
salt,sugar,onion,coffee,cereal,spinach,,
flour,juice,milk,pepper,coffee,rice,,
oil,lentils,cereal,flour,yogurt,butter,cheese,potato
cabbage,broccoli,cucumber,sugar,onion,beans,chicken,lettuce
oil,cabbage,lentils,eggs,spinach,onion,,
coffee,cereal,bread,flour,onion,sugar,lettuce,
tomato,salt,potato,pepper,cucumber,chicken,carrot,flour
tea,lettuce,beans,cheese,milk,spinach,,
rice,lentils,chicken,pepper,sugar,milk,,
pasta,oil,butter,spinach,onion,,,
cucumber,milk,cereal,tea,sugar,,,
onion,cucumber,potato,pasta,lettuce,oil,tea,yogurt
cheese,milk,salt,oil,butter,pasta,eggs,cucumber
beans,yogurt,sugar,tea,tomato,butter,,
juice,broccoli,tomato,cabbage,salt,beans,,
cabbage,tomato,yogurt,lentils,cucumber,pepper,,
carrot,beans,salt,chicken,coffee,onion,,
beans,pasta,tomato,eggs,yogurt,oil,,
cheese,flour,potato,onion,lentils,,,
bread,salt,yogurt,pepper,eggs,chicken,,
onion,pasta,carrot,lettuce,yogurt,tea,broccoli,potato
chicken,yogurt,salt,cucumber,bread,,,
eggs,yogurt,beans,potato,chicken,sugar,broccoli,butter
lettuce,lentils,potato,juice,spinach,tomato,pasta,flour
cheese,coffee,broccoli,pasta,oil,chicken,beans,cabbage
cereal,rice,spinach,potato,butter,oil,tea,
beans,butter,salt,coffee,lettuce,yogurt,pepper,
spinach,salt,coffee,tomato,carrot,beans,,
juice,yogurt,cucumber,pasta,eggs,chicken,rice,
tea,cheese,spinach,broccoli,onion,,,
eggs,butter,juice,cucumber,potato,,,
beans,potato,lettuce,rice,carrot,broccoli,salt,
flour,tomato,chicken,broccoli,pepper,bread,,
beans,pasta,butter,broccoli,salt,onion,,
beans,cereal,pasta,yogurt,cucumber,spinach,cheese,
rice,pepper,potato,cucumber,yogurt,lettuce,oil,tea
cucumber,tomato,sugar,potato,tea,,,
eggs,yogurt,flour,beans,coffee,,,
salt,onion,bread,beans,cereal,,,
rice,onion,flour,butter,pasta,coffee,salt,cheese
milk,chicken,lettuce,yogurt,broccoli,eggs,,
sugar,cucumber,salt,onion,coffee,lentils,cabbage,
oil,lettuce,coffee,sugar,flour,pepper,tomato,
tomato,yogurt,beans,cabbage,potato,,,
oil,eggs,cucumber,cereal,pasta,,,
chicken,rice,flour,oil,tomato,,,
potato,spinach,salt,rice,milk,butter,chicken,pepper
onion,eggs,pepper,cereal,rice,,,
cereal,carrot,lettuce,tomato,pepper,rice,spinach,oil
cabbage,coffee,bread,lentils,carrot,,,
cabbage,lentils,tomato,cereal,yogurt,beans,,
pepper,yogurt,eggs,onion,broccoli,chicken,sugar,
flour,rice,eggs,cereal,cabbage,juice,potato,onion
salt,juice,cheese,pasta,coffee,eggs,bread,
bread,beans,lentils,eggs,yogurt,pasta,,
salt,cucumber,yogurt,carrot,pepper,beans,chicken,cheese
chicken,cheese,onion,eggs,spinach,beans,,
coffee,tomato,onion,sugar,eggs,carrot,,
butter,cereal,milk,juice,tomato,lentils,,
juice,salt,potato,oil,cheese,broccoli,,
bread,flour,cereal,oil,cabbage,potato,butter,juice
carrot,juice,spinach,eggs,chicken,,,
flour,cucumber,potato,cereal,carrot,chicken,,
pepper,spinach,cucumber,carrot,cereal,flour,cabbage,
coffee,juice,carrot,bread,eggs,,,
cereal,sugar,milk,eggs,salt,cheese,,
cheese,sugar,butter,oil,pasta,lettuce,onion,chicken
bread,pepper,cheese,oil,salt,rice,chicken,
flour,salt,coffee,pasta,oil,,,
beans,cheese,butter,milk,lentils,,,
potato,cucumber,flour,pepper,lettuce,oil,,
lettuce,cabbage,cereal,carrot,flour,chicken,,
carrot,onion,cheese,oil,cucumber,lettuce,,
milk,sugar,cheese,broccoli,pasta,pepper,,
salt,coffee,cucumber,onion,juice,pasta,milk,
lettuce,butter,cabbage,juice,milk,broccoli,cucumber,
sugar,cucumber,milk,coffee,juice,,,
coffee,bread,tea,lettuce,carrot,potato,cucumber,
spinach,eggs,milk,flour,onion,pepper,oil,
pasta,potato,milk,cereal,spinach,juice,oil,cabbage
potato,salt,onion,butter,broccoli,,,
carrot,onion,butter,milk,juice,spinach,cheese,
tea,broccoli,lentils,cereal,cucumber,yogurt,carrot,rice
tea,flour,pasta,eggs,oil,cabbage,,
cereal,coffee,pasta,chicken,sugar,,,
potato,cucumber,oil,bread,carrot,lettuce,tea,onion
pasta,chicken,broccoli,lentils,onion,,,
yogurt,lentils,spinach,chicken,tomato,oil,tea,cabbage
sugar,bread,potato,eggs,butter,lentils,,
broccoli,yogurt,bread,cereal,milk,,,
lettuce,spinach,lentils,pasta,eggs,potato,yogurt,
lettuce,flour,oil,onion,chicken,tea,,
tomato,broccoli,cheese,lentils,oil,eggs,,
cereal,tomato,cabbage,onion,pasta,salt,chicken,yogurt
rice,chicken,juice,bread,oil,spinach,,
pasta,broccoli,sugar,oil,juice,yogurt,cucumber,cereal
milk,sugar,bread,yogurt,pasta,,,
milk,salt,lentils,chicken,cucumber,coffee,pasta,eggs
cabbage,sugar,eggs,broccoli,lentils,,,
lentils,milk,eggs,spinach,potato,lettuce,,
cucumber,yogurt,rice,cabbage,carrot,lentils,chicken,
coffee,spinach,carrot,yogurt,beans,pasta,,
butter,carrot,broccoli,salt,cabbage,,,
milk,cabbage,cheese,tomato,pepper,rice,chicken,
onion,carrot,cheese,spinach,pepper,,,
juice,pasta,lentils,potato,eggs,,,
chicken,lettuce,broccoli,lentils,salt,juice,onion,tomato
bread,salt,pepper,potato,sugar,yogurt,carrot,beans
tomato,bread,sugar,juice,tea,,,
coffee,broccoli,beans,pepper,butter,carrot,eggs,juice
flour,yogurt,tea,eggs,cereal,bread,oil,
spinach,onion,cereal,pasta,cheese,sugar,oil,beans
beans,lettuce,butter,cabbage,bread,tea,potato,carrot
yogurt,beans,tomato,carrot,chicken,lentils,spinach,pasta
pepper,cabbage,sugar,carrot,coffee,butter,,
lettuce,potato,spinach,lentils,carrot,sugar,,
flour,lettuce,carrot,pasta,tea,,,
coffee,cucumber,rice,pasta,bread,,,
salt,pepper,eggs,cereal,tea,sugar,carrot,cheese
tomato,cheese,carrot,salt,chicken,flour,,
tea,tomato,oil,potato,yogurt,cucumber,chicken,butter
juice,pepper,cabbage,broccoli,potato,tomato,onion,
tea,tomato,butter,flour,spinach,pepper,pasta,lettuce
sugar,milk,butter,tomato,bread,oil,carrot,
coffee,flour,milk,butter,beans,eggs,onion,spinach
tomato,carrot,pasta,oil,cabbage,,,
lentils,cucumber,bread,eggs,flour,chicken,,
chicken,beans,cheese,bread,milk,cabbage,,
flour,juice,cereal,lentils,pasta,eggs,yogurt,
rice,potato,cereal,bread,coffee,spinach,,
lettuce,salt,pepper,broccoli,cucumber,rice,sugar,
flour,coffee,broccoli,lentils,tomato,,,
spinach,cucumber,rice,broccoli,pepper,juice,,
eggs,lettuce,salt,yogurt,milk,,,
pepper,chicken,onion,cabbage,milk,cheese,pasta,
rice,tomato,salt,yogurt,milk,,,
tomato,yogurt,cabbage,oil,butter,lentils,eggs,salt
bread,tomato,cabbage,milk,coffee,yogurt,lentils,
cucumber,sugar,beans,eggs,lettuce,tomato,spinach,flour
pepper,chicken,oil,rice,broccoli,milk,,
lettuce,eggs,butter,pasta,onion,rice,cheese,milk
onion,broccoli,flour,rice,eggs,chicken,,
rice,carrot,yogurt,onion,sugar,eggs,,
cucumber,milk,cereal,potato,sugar,,,
butter,spinach,cabbage,pasta,juice,cucumber,sugar,
broccoli,sugar,cheese,flour,onion,milk,rice,
pasta,oil,sugar,bread,cabbage,milk,butter,cucumber
cucumber,onion,chicken,salt,cheese,sugar,broccoli,
cheese,juice,yogurt,cabbage,eggs,cucumber,,
cabbage,pepper,bread,oil,sugar,yogurt,butter,onion
yogurt,onion,tomato,lettuce,rice,spinach,sugar,cereal
butter,onion,oil,juice,flour,bread,,
cucumber,cabbage,broccoli,milk,rice,yogurt,pepper,
butter,carrot,cabbage,tomato,lettuce,,,
chicken,tomato,juice,pasta,cereal,broccoli,butter,
tea,beans,flour,lentils,oil,yogurt,,
beans,chicken,onion,rice,tea,oil,juice,
sugar,coffee,rice,pasta,bread,,,
oil,pepper,salt,beans,flour,sugar,,
broccoli,lentils,carrot,spinach,tomato,sugar,pepper,
lentils,cheese,tea,carrot,oil,rice,bread,
lentils,butter,broccoli,bread,beans,,,
sugar,cheese,lettuce,tea,yogurt,pasta,cabbage,
juice,tomato,cheese,bread,broccoli,cereal,yogurt,
yogurt,tea,cereal,rice,bread,onion,potato,lentils
cucumber,chicken,carrot,lentils,flour,,,
cabbage,oil,pasta,tea,carrot,potato,butter,lettuce
lentils,flour,oil,potato,tomato,chicken,,
juice,eggs,coffee,tomato,pepper,lentils,spinach,
butter,tomato,lettuce,pasta,coffee,,,
oil,cabbage,chicken,spinach,eggs,potato,flour,
carrot,onion,yogurt,flour,lentils,beans,,
spinach,tea,rice,yogurt,cabbage,juice,sugar,
rice,yogurt,cereal,coffee,carrot,,,
beans,cheese,cucumber,milk,cereal,lentils,,
salt,milk,rice,onion,bread,lentils,pepper,
cheese,rice,cucumber,eggs,butter,lettuce,,
tea,yogurt,cheese,butter,pepper,,,
beans,cucumber,onion,milk,bread,lentils,juice,
lettuce,juice,milk,broccoli,salt,butter,coffee,tea
tea,sugar,spinach,cheese,potato,pepper,bread,butter
cheese,milk,flour,pepper,onion,cucumber,chicken,juice
cabbage,pasta,sugar,tea,carrot,lettuce,cereal,
beans,eggs,potato,cabbage,cucumber,,,
cereal,bread,carrot,cabbage,chicken,,,
cabbage,sugar,flour,onion,chicken,,,
rice,potato,cucumber,sugar,juice,tea,,
broccoli,rice,tomato,cabbage,bread,potato,juice,
tea,oil,lettuce,rice,bread,,,
tomato,sugar,cabbage,pasta,pepper,chicken,tea,
chicken,pasta,eggs,coffee,pepper,,,
sugar,cucumber,cheese,carrot,lentils,tea,pasta,
salt,tomato,flour,potato,butter,juice,cheese,
chicken,cucumber,lentils,coffee,spinach,rice,,
beans,pepper,salt,cheese,coffee,rice,yogurt,
pepper,onion,salt,spinach,oil,tea,sugar,lentils
bread,beans,cabbage,cereal,eggs,,,
cereal,coffee,milk,rice,cucumber,bread,cheese,tomato
coffee,spinach,salt,onion,chicken,rice,,
pasta,broccoli,cucumber,sugar,cheese,lettuce,onion,cabbage
cabbage,oil,beans,rice,potato,onion,pasta,cheese
cereal,lentils,flour,cucumber,sugar,cabbage,carrot,bread
tomato,tea,eggs,sugar,pepper,,,
spinach,eggs,salt,yogurt,coffee,,,
onion,pepper,salt,chicken,cereal,milk,,
tea,pasta,potato,eggs,yogurt,oil,,
lettuce,cabbage,pasta,chicken,cheese,,,
potato,cheese,broccoli,cereal,milk,pepper,,
yogurt,broccoli,juice,coffee,spinach,cereal,cucumber,
tomato,onion,sugar,lettuce,rice,,,
pepper,broccoli,lettuce,sugar,tomato,,,
lettuce,beans,tomato,bread,spinach,,,
cucumber,yogurt,butter,tea,bread,cabbage,salt,onion
carrot,sugar,oil,bread,cucumber,chicken,coffee,
juice,flour,butter,cereal,pasta,cabbage,cucumber,
chicken,lettuce,rice,eggs,potato,bread,sugar,
pepper,tea,cheese,rice,cereal,eggs,lentils,
pepper,tomato,milk,pasta,chicken,onion,cabbage,
juice,coffee,sugar,bread,lentils,eggs,lettuce,butter
onion,eggs,juice,cucumber,tomato,carrot,rice,oil
broccoli,lettuce,spinach,flour,cheese,coffee,tea,lentils
cereal,bread,yogurt,flour,cabbage,cheese,potato,beans
cereal,butter,coffee,broccoli,pasta,tomato,,
lettuce,potato,rice,spinach,chicken,tea,onion,cabbage
beans,rice,lentils,cabbage,eggs,,,
tomato,pasta,cabbage,butter,carrot,lettuce,milk,
oil,sugar,cabbage,cucumber,cheese,bread,milk,lettuce
beans,broccoli,milk,yogurt,cheese,juice,,
lettuce,lentils,rice,potato,coffee,tomato,,
yogurt,cereal,sugar,chicken,butter,,,
salt,broccoli,milk,pasta,juice,yogurt,,
eggs,potato,cheese,coffee,pasta,,,
milk,oil,sugar,salt,cabbage,broccoli,,
tea,bread,spinach,potato,eggs,juice,,
spinach,lettuce,chicken,juice,broccoli,,,
yogurt,tea,potato,pepper,onion,milk,chicken,
cereal,beans,rice,sugar,flour,broccoli,,
cereal,yogurt,tomato,cabbage,spinach,pepper,sugar,milk
juice,rice,butter,lentils,cereal,milk,spinach,chicken
rice,cucumber,milk,spinach,tea,yogurt,,
lentils,tomato,milk,tea,lettuce,yogurt,,
oil,cucumber,juice,onion,carrot,pepper,bread,eggs
flour,eggs,pasta,sugar,salt,yogurt,potato,
salt,tomato,chicken,potato,butter,oil,spinach,
butter,potato,flour,carrot,yogurt,cereal,beans,broccoli
carrot,broccoli,beans,spinach,eggs,onion,butter,lettuce
lettuce,oil,chicken,butter,coffee,rice,spinach,
tea,eggs,flour,lentils,spinach,oil,,
juice,tomato,eggs,oil,rice,spinach,milk,lentils
pepper,milk,spinach,juice,broccoli,chicken,,
carrot,chicken,yogurt,broccoli,salt,,,
butter,rice,salt,coffee,cucumber,chicken,,
salt,tea,eggs,milk,coffee,lentils,chicken,onion
broccoli,chicken,cheese,tea,juice,rice,,
oil,milk,pasta,carrot,salt,rice,coffee,
cabbage,potato,pasta,beans,salt,carrot,,
rice,tomato,cereal,lettuce,pasta,carrot,,
tea,coffee,cheese,cereal,lentils,cabbage,,
juice,pasta,salt,tomato,oil,tea,beans,
bread,cabbage,oil,juice,rice,pepper,lentils,tomato
coffee,cereal,oil,butter,juice,,,
cabbage,bread,yogurt,oil,butter,cucumber,,
lentils,cereal,broccoli,chicken,cabbage,carrot,lettuce,oil
yogurt,cheese,spinach,salt,tomato,potato,eggs,juice
bread,beans,lettuce,milk,chicken,flour,salt,pepper
eggs,lettuce,salt,yogurt,lentils,,,
flour,yogurt,sugar,juice,tea,bread,butter,
cucumber,onion,tomato,yogurt,lentils,,,
tea,yogurt,beans,carrot,tomato,milk,,
yogurt,tea,cheese,flour,lentils,,,
sugar,lettuce,onion,oil,cereal,rice,bread,
salt,broccoli,lettuce,tomato,sugar,tea,cheese,lentils
lentils,butter,spinach,cheese,chicken,lettuce,flour,
sugar,carrot,cereal,salt,cucumber,lettuce,milk,tea
eggs,lettuce,milk,salt,cabbage,rice,pasta,cereal
bread,cabbage,salt,chicken,carrot,lentils,milk,lettuce
cereal,potato,chicken,spinach,tomato,sugar,,
salt,cabbage,cheese,flour,pasta,eggs,cucumber,spinach
lettuce,tomato,cucumber,milk,spinach,cheese,broccoli,pepper
carrot,pasta,eggs,milk,beans,flour,tomato,potato
chicken,rice,broccoli,coffee,sugar,eggs,,
onion,lettuce,tea,cheese,flour,cereal,juice,salt
yogurt,cabbage,potato,oil,milk,tomato,,
bread,tea,butter,potato,beans,rice,cucumber,juice
rice,carrot,pasta,potato,coffee,sugar,cheese,
rice,cheese,broccoli,coffee,eggs,,,
spinach,beans,coffee,milk,flour,carrot,cereal,lettuce
coffee,butter,broccoli,carrot,pasta,,,
carrot,broccoli,coffee,cucumber,butter,spinach,,
onion,carrot,lettuce,bread,coffee,tea,juice,cheese
broccoli,cucumber,yogurt,chicken,flour,pasta,lentils,potato
flour,cucumber,cabbage,eggs,rice,potato,lentils,
cabbage,bread,oil,cheese,spinach,onion,flour,
cabbage,sugar,butter,pasta,milk,juice,lentils,
lettuce,eggs,bread,juice,cereal,lentils,pepper,onion
tomato,spinach,juice,cabbage,cereal,bread,sugar,cucumber
pasta,cereal,cucumber,tea,oil,salt,tomato,
spinach,coffee,butter,onion,salt,cucumber,lentils,juice
tea,juice,carrot,broccoli,pasta,milk,cheese,
oil,rice,butter,eggs,cheese,bread,flour,pasta
flour,sugar,beans,milk,oil,,,
pasta,spinach,tea,butter,chicken,potato,bread,lentils
potato,tea,cereal,yogurt,cheese,lettuce,sugar,butter
onion,chicken,cucumber,spinach,pasta,tea,,
eggs,pepper,cabbage,cereal,milk,oil,coffee,spinach
broccoli,sugar,cabbage,salt,cucumber,potato,carrot,
flour,beans,cucumber,cereal,yogurt,,,
carrot,juice,cabbage,yogurt,flour,,,
flour,broccoli,coffee,carrot,pasta,cabbage,oil,bread
eggs,rice,cucumber,onion,butter,sugar,tea,salt
milk,beans,potato,tomato,cheese,,,
pasta,beans,lentils,broccoli,eggs,onion,,
flour,sugar,milk,eggs,cheese,onion,broccoli,
cereal,cucumber,carrot,rice,sugar,,,
spinach,butter,salt,juice,bread,,,
lettuce,bread,chicken,butter,pasta,flour,coffee,
pepper,tomato,spinach,lentils,rice,juice,cabbage,
beans,chicken,pepper,butter,lentils,cereal,potato,
chicken,cucumber,rice,yogurt,tomato,juice,cheese,onion
flour,carrot,tomato,cereal,coffee,butter,,
milk,lettuce,flour,cereal,yogurt,,,
coffee,rice,lentils,lettuce,broccoli,pasta,cereal,flour
eggs,carrot,chicken,lentils,rice,potato,,
eggs,tomato,rice,flour,spinach,cucumber,cabbage,chicken
pasta,eggs,beans,potato,lettuce,lentils,cereal,onion
beans,cucumber,eggs,coffee,lettuce,cabbage,yogurt,rice
pepper,cabbage,lettuce,beans,carrot,cheese,salt,
pasta,beans,tea,tomato,potato,juice,lettuce,
carrot,broccoli,onion,coffee,pasta,butter,milk,
carrot,sugar,oil,cheese,tomato,coffee,flour,lentils
juice,cabbage,pasta,potato,broccoli,cheese,tomato,sugar
milk,flour,chicken,broccoli,onion,oil,,
pasta,cucumber,flour,tomato,carrot,rice,,
cheese,lentils,bread,rice,carrot,,,
tomato,milk,juice,butter,cheese,,,
carrot,flour,cereal,yogurt,rice,spinach,chicken,eggs
onion,butter,sugar,potato,oil,cheese,broccoli,lettuce
onion,eggs,lentils,butter,pasta,tomato,pepper,coffee
coffee,potato,spinach,tea,eggs,milk,,
lettuce,cabbage,cucumber,flour,tea,milk,yogurt,cereal
bread,cereal,cabbage,rice,flour,sugar,potato,
milk,oil,rice,lentils,cheese,,,
lentils,broccoli,bread,rice,eggs,,,
coffee,lettuce,tomato,cereal,juice,sugar,rice,
pasta,onion,butter,carrot,salt,yogurt,,
broccoli,salt,spinach,juice,flour,,,
pasta,cereal,butter,coffee,cabbage,cheese,tomato,
salt,spinach,chicken,potato,eggs,lentils,,
oil,lentils,spinach,rice,pepper,,,
flour,sugar,coffee,cabbage,rice,,,
broccoli,beans,cereal,tea,juice,coffee,potato,cabbage
broccoli,tomato,juice,milk,pasta,tea,cabbage,chicken
eggs,cereal,sugar,pasta,yogurt,oil,,
chicken,cabbage,carrot,cucumber,tea,coffee,butter,beans
lettuce,tomato,broccoli,juice,salt,cucumber,butter,
tea,rice,cereal,butter,salt,,,
potato,butter,salt,lentils,lettuce,sugar,,
beans,rice,cucumber,tea,pepper,spinach,cabbage,salt
carrot,lentils,tea,cereal,broccoli,oil,,
tea,juice,sugar,pepper,spinach,cheese,bread,cereal
lettuce,chicken,yogurt,spinach,tea,,,
cabbage,coffee,juice,oil,bread,pepper,,
spinach,beans,broccoli,eggs,oil,,,
potato,coffee,sugar,broccoli,chicken,flour,lettuce,
rice,pepper,onion,spinach,broccoli,yogurt,butter,cabbage
sugar,beans,oil,chicken,butter,bread,,
juice,pepper,broccoli,yogurt,oil,,,
tea,potato,eggs,salt,juice,milk,,
onion,coffee,tea,flour,rice,spinach,yogurt,
butter,chicken,oil,milk,cucumber,,,
onion,yogurt,milk,pepper,chicken,rice,bread,cereal
tea,coffee,cereal,onion,oil,salt,potato,
chicken,eggs,pasta,tomato,juice,,,
potato,milk,sugar,spinach,oil,onion,,
tomato,cereal,onion,broccoli,cabbage,flour,,
juice,bread,broccoli,lentils,lettuce,spinach,pepper,
butter,tomato,rice,cabbage,cereal,spinach,,
pasta,pepper,potato,milk,cereal,cucumber,cabbage,
sugar,flour,lentils,cucumber,lettuce,onion,,
flour,broccoli,yogurt,potato,pepper,onion,cereal,
juice,spinach,flour,lettuce,rice,salt,yogurt,cucumber
eggs,cheese,beans,cabbage,carrot,potato,,
juice,milk,rice,potato,yogurt,salt,butter,bread
cheese,tea,pepper,cucumber,flour,,,
juice,coffee,broccoli,yogurt,cucumber,salt,pepper,
butter,yogurt,coffee,cabbage,milk,lettuce,tomato,
cucumber,tea,potato,coffee,salt,rice,carrot,butter
bread,oil,salt,milk,cereal,,,
milk,eggs,carrot,onion,lettuce,cheese,potato,
milk,pepper,cheese,tomato,eggs,carrot,,
oil,rice,beans,eggs,onion,lentils,pasta,flour
lentils,yogurt,beans,bread,potato,rice,broccoli,
chicken,spinach,lentils,salt,onion,rice,broccoli,
beans,eggs,cabbage,chicken,lentils,bread,,
broccoli,yogurt,butter,tea,cheese,potato,,
tomato,oil,cereal,beans,milk,sugar,,
rice,cheese,carrot,milk,oil,pasta,spinach,
rice,spinach,coffee,juice,beans,eggs,bread,
broccoli,lettuce,tomato,lentils,flour,bread,,
spinach,cucumber,tomato,cereal,oil,lettuce,,
pepper,spinach,tomato,potato,pasta,bread,,
cereal,salt,tea,cheese,cucumber,milk,sugar,
yogurt,cereal,butter,chicken,cabbage,sugar,carrot,onion
oil,cereal,cucumber,chicken,coffee,potato,,
broccoli,tea,cheese,chicken,pasta,eggs,lettuce,
chicken,carrot,lentils,flour,spinach,sugar,tea,
salt,pepper,pasta,chicken,beans,,,
potato,beans,tea,flour,chicken,milk,broccoli,
sugar,cereal,potato,onion,pepper,cucumber,butter,carrot
milk,cabbage,tomato,carrot,beans,salt,onion,sugar
beans,yogurt,cereal,eggs,pepper,,,
lentils,oil,potato,cucumber,sugar,cereal,lettuce,chicken
carrot,onion,potato,eggs,rice,bread,,
tomato,yogurt,cabbage,coffee,bread,cereal,lettuce,
bread,chicken,lettuce,salt,sugar,oil,,
tomato,spinach,carrot,pepper,milk,bread,salt,
milk,broccoli,potato,pepper,tomato,coffee,salt,
lentils,spinach,cereal,butter,sugar,yogurt,,
coffee,potato,chicken,cucumber,yogurt,carrot,,
potato,butter,juice,broccoli,pepper,yogurt,onion,
chicken,tea,beans,carrot,bread,tomato,butter,
cucumber,bread,tomato,potato,pasta,pepper,,
rice,pasta,cereal,coffee,cucumber,chicken,onion,potato
cucumber,yogurt,pasta,flour,coffee,,,
lettuce,oil,cereal,salt,rice,sugar,milk,onion
yogurt,eggs,lettuce,juice,cucumber,tea,coffee,
coffee,oil,lettuce,juice,butter,,,
broccoli,bread,tomato,onion,juice,cereal,pepper,
butter,coffee,milk,beans,chicken,,,
lentils,cereal,broccoli,pepper,tea,flour,cabbage,onion
potato,bread,rice,onion,tomato,eggs,,
bread,spinach,cereal,tea,chicken,,,
butter,rice,lentils,beans,spinach,,,
eggs,cabbage,pasta,pepper,cucumber,,,
oil,tomato,spinach,cabbage,cereal,cucumber,,
pasta,eggs,pepper,bread,salt,rice,lentils,chicken
yogurt,coffee,chicken,pasta,salt,,,
bread,cabbage,broccoli,cucumber,carrot,salt,,
rice,chicken,sugar,beans,bread,,,
bread,cereal,onion,sugar,butter,cheese,,
salt,lentils,potato,onion,cheese,butter,,
cheese,lentils,cereal,potato,carrot,,,
lentils,broccoli,potato,pasta,spinach,sugar,coffee,tomato
sugar,cheese,flour,yogurt,potato,spinach,pasta,eggs
tomato,potato,pasta,chicken,cabbage,,,
carrot,sugar,juice,tomato,coffee,spinach,cucumber,
cabbage,juice,lettuce,potato,bread,,,
eggs,cabbage,milk,lettuce,flour,spinach,coffee,bread
spinach,eggs,pasta,broccoli,rice,pepper,tomato,tea
tomato,juice,sugar,pepper,tea,potato,spinach,
butter,tea,milk,onion,carrot,eggs,spinach,
cucumber,cereal,eggs,potato,cheese,,,
onion,tea,beans,tomato,oil,,,
tomato,beans,sugar,salt,spinach,cheese,lettuce,butter
coffee,tomato,cereal,lentils,broccoli,,,
milk,cabbage,chicken,cereal,oil,,,
pepper,chicken,spinach,oil,onion,cucumber,,
yogurt,pepper,coffee,sugar,flour,pasta,tea,
spinach,bread,cereal,juice,cheese,,,
pepper,lentils,lettuce,broccoli,tea,,,
potato,cabbage,cheese,salt,eggs,,,
cheese,eggs,tomato,yogurt,lentils,coffee,tea,beans
cheese,bread,butter,carrot,chicken,cereal,potato,
cereal,potato,tea,cheese,oil,,,
pepper,cucumber,lentils,cabbage,butter,tomato,beans,chicken
butter,cabbage,lettuce,onion,eggs,,,
lentils,juice,rice,tomato,pepper,,,
tomato,juice,butter,cucumber,salt,yogurt,,
cucumber,carrot,rice,broccoli,yogurt,onion,tomato,lettuce
salt,rice,oil,tea,tomato,juice,flour,cereal
carrot,lentils,juice,cheese,sugar,coffee,,
rice,beans,salt,tea,spinach,cheese,,
oil,potato,carrot,onion,flour,tomato,cereal,tea
cereal,rice,beans,potato,lettuce,eggs,,
cabbage,eggs,oil,beans,tea,salt,,
milk,oil,potato,lentils,carrot,,,
flour,beans,tomato,sugar,carrot,pasta,spinach,coffee
salt,cabbage,cheese,lentils,rice,carrot,,
flour,pasta,onion,rice,pepper,,,
salt,onion,carrot,potato,sugar,,,
chicken,salt,rice,cereal,cabbage,milk,broccoli,eggs
butter,cabbage,juice,coffee,beans,onion,,
beans,cabbage,eggs,flour,cereal,lettuce,,
cabbage,eggs,pepper,broccoli,milk,onion,cucumber,
beans,lettuce,juice,eggs,sugar,chicken,broccoli,cheese
bread,milk,carrot,cereal,lettuce,lentils,,
tea,oil,yogurt,beans,pasta,chicken,,
broccoli,pasta,juice,tomato,cabbage,salt,milk,bread
lettuce,tea,lentils,salt,bread,spinach,,
cabbage,lettuce,sugar,juice,carrot,spinach,cereal,rice
yogurt,carrot,spinach,cabbage,flour,onion,cucumber,tea
milk,pasta,rice,onion,salt,bread,oil,potato
spinach,milk,sugar,pepper,salt,,,
cabbage,bread,flour,pasta,pepper,milk,cheese,oil
eggs,broccoli,onion,bread,sugar,cabbage,,
juice,tomato,cucumber,bread,carrot,yogurt,lentils,
eggs,cereal,lettuce,cheese,potato,beans,,
milk,cereal,lettuce,pepper,butter,lentils,chicken,yogurt
eggs,pasta,lentils,onion,bread,,,
cereal,bread,lentils,chicken,yogurt,tea,coffee,broccoli
beans,onion,cheese,tomato,cereal,lentils,eggs,
yogurt,broccoli,spinach,cabbage,juice,pepper,,
chicken,yogurt,bread,lentils,coffee,,,
carrot,bread,lettuce,chicken,milk,spinach,,
broccoli,onion,milk,butter,eggs,spinach,pasta,sugar
potato,rice,tea,carrot,butter,eggs,,
lentils,lettuce,broccoli,coffee,rice,onion,tea,
cheese,eggs,beans,salt,pepper,,,
sugar,chicken,tomato,cheese,lentils,spinach,,
salt,lentils,cereal,cucumber,rice,,,
yogurt,oil,cabbage,salt,milk,,,
milk,pepper,yogurt,chicken,carrot,potato,,
cheese,pepper,coffee,butter,broccoli,,,
lentils,sugar,pepper,cereal,eggs,coffee,oil,onion
coffee,lentils,milk,pepper,beans,oil,rice,eggs
bread,potato,cheese,coffee,eggs,onion,,
chicken,lentils,beans,pasta,milk,cabbage,oil,
rice,cabbage,tomato,spinach,broccoli,,,
lentils,oil,milk,yogurt,cucumber,pasta,potato,
juice,butter,cucumber,lettuce,tomato,beans,sugar,cabbage
rice,bread,milk,tomato,broccoli,juice,,
bread,coffee,yogurt,butter,salt,,,
broccoli,cereal,butter,milk,oil,onion,juice,coffee
cabbage,sugar,yogurt,cereal,spinach,potato,milk,tea
yogurt,cheese,beans,lettuce,coffee,cucumber,eggs,
lettuce,oil,cheese,butter,tea,,,
cheese,cereal,rice,lettuce,beans,,,
tea,yogurt,cucumber,oil,cereal,,,
salt,yogurt,beans,coffee,lentils,tea,carrot,
cucumber,rice,potato,eggs,salt,,,
cereal,rice,cabbage,lentils,carrot,pasta,onion,
tomato,coffee,carrot,beans,onion,broccoli,,
juice,salt,broccoli,butter,milk,rice,lettuce,potato
milk,yogurt,spinach,pasta,rice,butter,,
cheese,pepper,salt,tea,potato,chicken,,
milk,chicken,lentils,spinach,cucumber,,,
sugar,rice,spinach,milk,cucumber,,,
juice,butter,lettuce,pasta,lentils,rice,salt,chicken
lettuce,milk,bread,beans,flour,sugar,,
eggs,broccoli,butter,coffee,tomato,,,
yogurt,coffee,lettuce,cereal,eggs,lentils,butter,juice
yogurt,rice,cucumber,milk,cheese,onion,beans,
pasta,oil,potato,cucumber,flour,onion,chicken,
coffee,tomato,pepper,bread,potato,broccoli,cucumber,cheese
oil,sugar,lentils,broccoli,rice,tomato,potato,
milk,rice,broccoli,cereal,salt,beans,,
milk,oil,onion,rice,beans,cucumber,butter,
salt,tea,milk,lettuce,sugar,,,
cheese,pasta,coffee,flour,potato,lentils,broccoli,onion
lettuce,yogurt,chicken,potato,rice,tea,tomato,
cabbage,cereal,carrot,beans,pepper,broccoli,pasta,onion
potato,juice,cheese,carrot,onion,butter,salt,
oil,salt,lentils,pasta,pepper,rice,bread,
flour,coffee,salt,cheese,tea,pasta,,
chicken,spinach,rice,butter,salt,,,
cereal,tea,broccoli,cheese,potato,onion,,
oil,carrot,bread,spinach,tea,,,
juice,broccoli,cheese,pasta,rice,tea,bread,carrot
cucumber,cereal,cheese,butter,chicken,bread,,
tea,chicken,tomato,lentils,rice,pepper,carrot,
potato,beans,cereal,eggs,oil,sugar,chicken,
sugar,salt,lentils,lettuce,beans,onion,tomato,eggs
salt,flour,carrot,tea,cereal,sugar,milk,
bread,cheese,lentils,rice,eggs,,,
pasta,beans,flour,lentils,cucumber,cheese,tea,eggs
bread,rice,salt,eggs,potato,yogurt,cheese,coffee
oil,chicken,sugar,tea,cucumber,pasta,,
onion,carrot,chicken,broccoli,potato,,,
pasta,pepper,milk,cabbage,eggs,cereal,potato,
eggs,onion,pasta,broccoli,pepper,salt,,
lentils,broccoli,flour,lettuce,cabbage,carrot,juice,
tomato,cabbage,potato,beans,flour,,,
tomato,pasta,bread,cabbage,salt,onion,butter,
pepper,juice,sugar,lettuce,flour,spinach,oil,
spinach,oil,rice,cucumber,lettuce,cabbage,coffee,yogurt
spinach,onion,coffee,rice,cabbage,,,
lentils,milk,onion,eggs,spinach,broccoli,flour,cucumber
tomato,lentils,potato,salt,oil,flour,chicken,
potato,spinach,coffee,tea,eggs,milk,cucumber,pasta
lettuce,spinach,tea,cucumber,pasta,,,
beans,rice,onion,coffee,broccoli,pepper,butter,
salt,broccoli,cucumber,sugar,bread,milk,,
oil,pasta,salt,chicken,pepper,,,
cabbage,carrot,juice,broccoli,eggs,butter,beans,
pasta,yogurt,tomato,cheese,coffee,butter,rice,
sugar,tomato,salt,lettuce,carrot,chicken,onion,flour
tea,cereal,sugar,eggs,beans,carrot,potato,salt
pasta,bread,onion,yogurt,butter,beans,chicken,
sugar,yogurt,eggs,flour,broccoli,potato,spinach,
oil,carrot,cereal,lentils,tea,,,
salt,onion,lettuce,cheese,cereal,beans,spinach,juice
beans,yogurt,pepper,flour,carrot,cucumber,salt,
spinach,cabbage,tomato,chicken,broccoli,bread,oil,
salt,cereal,broccoli,milk,oil,carrot,pepper,eggs
yogurt,milk,juice,lettuce,spinach,carrot,flour,rice
milk,juice,oil,lentils,broccoli,cereal,,
bread,lettuce,butter,spinach,beans,,,
onion,spinach,flour,milk,cabbage,salt,cereal,
broccoli,rice,cucumber,spinach,oil,cabbage,tea,
cabbage,eggs,yogurt,cereal,onion,,,
yogurt,cereal,broccoli,juice,chicken,,,
cheese,juice,butter,bread,cabbage,eggs,,
cereal,salt,butter,pepper,lettuce,eggs,,
onion,pepper,butter,carrot,tomato,oil,eggs,
onion,eggs,cheese,beans,milk,lentils,oil,pepper
lentils,cereal,beans,rice,carrot,,,
cheese,salt,carrot,tea,pepper,,,
cabbage,oil,beans,salt,yogurt,,,
coffee,broccoli,tea,eggs,spinach,,,
cucumber,milk,bread,yogurt,carrot,beans,cabbage,
coffee,cabbage,cereal,yogurt,bread,pasta,rice,
rice,oil,carrot,pepper,milk,potato,flour,chicken
broccoli,oil,onion,rice,cabbage,,,
cucumber,butter,tea,broccoli,potato,lentils,coffee,
yogurt,tea,eggs,spinach,lentils,juice,,
carrot,pasta,spinach,salt,beans,bread,juice,oil
flour,milk,coffee,lentils,tea,,,
cabbage,cereal,potato,cheese,carrot,onion,sugar,
cheese,onion,butter,beans,cereal,rice,oil,
beans,salt,cereal,tomato,lentils,rice,,
oil,onion,flour,milk,sugar,,,
tea,yogurt,cereal,potato,butter,,,
butter,salt,spinach,pepper,cheese,rice,cereal,
eggs,carrot,spinach,tomato,lentils,oil,,
cabbage,carrot,butter,broccoli,milk,lettuce,eggs,tomato
sugar,potato,tea,juice,cucumber,cereal,,
lettuce,cereal,potato,lentils,yogurt,,,
rice,milk,coffee,oil,cereal,,,
coffee,pasta,juice,spinach,onion,cucumber,yogurt,
tea,juice,cabbage,tomato,chicken,flour,,
sugar,butter,flour,tea,broccoli,,,
chicken,rice,sugar,tea,lentils,tomato,salt,
onion,juice,eggs,spinach,yogurt,salt,milk,lentils
yogurt,potato,beans,cucumber,carrot,coffee,spinach,
cheese,spinach,bread,flour,cereal,pepper,cabbage,lettuce
cereal,cabbage,cucumber,bread,milk,tea,eggs,salt
potato,broccoli,milk,oil,cheese,cucumber,pasta,
salt,yogurt,broccoli,sugar,lettuce,tea,bread,
bread,carrot,potato,cabbage,lentils,pasta,tea,salt
lentils,cereal,beans,pepper,tea,broccoli,,
lentils,cucumber,milk,sugar,flour,pasta,eggs,cheese
tea,onion,lettuce,sugar,chicken,yogurt,flour,
butter,broccoli,yogurt,milk,juice,oil,,
cucumber,potato,salt,yogurt,onion,,,
lentils,cereal,cheese,onion,bread,,,
flour,tea,spinach,salt,sugar,,,
coffee,chicken,butter,juice,carrot,tea,pepper,eggs
sugar,yogurt,beans,carrot,cheese,chicken,,
pasta,cabbage,rice,salt,lentils,butter,beans,cereal
bread,onion,tea,sugar,salt,cabbage,lettuce,oil
cereal,lettuce,lentils,oil,potato,,,
flour,lentils,milk,rice,cabbage,juice,tea,
tea,tomato,lentils,chicken,broccoli,,,
eggs,potato,broccoli,lentils,pasta,,,
sugar,eggs,lettuce,chicken,oil,broccoli,,
coffee,butter,lettuce,broccoli,onion,milk,lentils,beans
yogurt,milk,onion,eggs,sugar,juice,salt,
eggs,coffee,chicken,onion,milk,cereal,beans,
bread,eggs,salt,cheese,yogurt,tea,,
coffee,juice,oil,spinach,broccoli,carrot,cucumber,cereal
lentils,yogurt,cabbage,rice,flour,tea,,
juice,cereal,coffee,flour,eggs,sugar,chicken,potato
milk,sugar,flour,lentils,coffee,pepper,cabbage,
salt,spinach,cucumber,pasta,juice,beans,,
butter,salt,yogurt,cabbage,eggs,coffee,,
juice,cucumber,carrot,beans,tea,milk,oil,lettuce
butter,cucumber,rice,onion,carrot,beans,juice,pepper
carrot,beans,tea,potato,flour,,,
chicken,milk,yogurt,onion,spinach,tea,,
juice,lettuce,lentils,salt,cereal,yogurt,bread,
broccoli,rice,potato,lentils,coffee,,,
oil,rice,eggs,beans,flour,butter,,
potato,broccoli,spinach,coffee,tomato,lentils,,
cheese,spinach,eggs,beans,carrot,rice,,
cabbage,lettuce,spinach,pasta,cucumber,sugar,juice,
beans,bread,lettuce,potato,chicken,butter,broccoli,
tea,eggs,tomato,pasta,oil,cereal,juice,cucumber
broccoli,butter,eggs,pepper,tomato,,,
bread,broccoli,cabbage,cucumber,milk,,,
butter,cheese,salt,pasta,yogurt,cabbage,lettuce,
pasta,tea,pepper,salt,beans,flour,juice,cucumber
cheese,carrot,tomato,bread,coffee,oil,eggs,milk
salt,coffee,pasta,carrot,tea,,,
potato,cucumber,milk,onion,pasta,lettuce,,
sugar,beans,flour,milk,pepper,,,
bread,broccoli,carrot,butter,lettuce,spinach,salt,eggs
tomato,cheese,eggs,oil,onion,pepper,,
broccoli,coffee,eggs,rice,juice,sugar,flour,
broccoli,cabbage,pepper,milk,juice,lentils,,
cabbage,pepper,eggs,cucumber,coffee,onion,,
broccoli,onion,juice,sugar,coffee,yogurt,potato,carrot
pepper,juice,lentils,oil,coffee,spinach,,
carrot,lettuce,sugar,onion,cereal,yogurt,eggs,
sugar,tea,onion,cheese,coffee,yogurt,juice,
beans,butter,pasta,cucumber,tea,pepper,onion,cereal
spinach,sugar,tomato,salt,bread,beans,chicken,tea
lentils,rice,spinach,yogurt,cucumber,salt,carrot,cheese
eggs,yogurt,onion,cheese,milk,lentils,cabbage,oil
beans,broccoli,chicken,pasta,carrot,coffee,potato,
butter,cheese,bread,spinach,chicken,onion,pasta,
pepper,milk,eggs,tomato,lentils,yogurt,,
milk,potato,bread,cereal,oil,yogurt,,
butter,oil,chicken,spinach,salt,,,
tomato,cabbage,lettuce,onion,bread,,,
carrot,cucumber,potato,lentils,cheese,,,
onion,butter,juice,cheese,sugar,,,
eggs,pepper,oil,juice,bread,tea,cheese,tomato
butter,yogurt,chicken,milk,pasta,tea,lettuce,
butter,onion,oil,tomato,cucumber,flour,,
tea,bread,beans,yogurt,pasta,flour,cabbage,cereal
cereal,onion,sugar,spinach,broccoli,,,
tomato,yogurt,cabbage,chicken,onion,,,
flour,juice,cheese,cereal,onion,eggs,broccoli,
milk,cereal,bread,spinach,pepper,,,
butter,sugar,tomato,carrot,pepper,juice,,
cabbage,carrot,tomato,cereal,pasta,,,
cereal,cucumber,butter,coffee,lentils,bread,,
lettuce,oil,coffee,lentils,yogurt,cucumber,,
tomato,cucumber,juice,yogurt,chicken,pasta,broccoli,cereal
cereal,cheese,potato,flour,rice,sugar,,
flour,eggs,tea,cucumber,milk,cabbage,beans,butter
cheese,rice,tomato,oil,pasta,salt,beans,sugar
tomato,cucumber,coffee,oil,pepper,,,
milk,salt,carrot,juice,eggs,pepper,,
butter,cucumber,bread,tea,cheese,lentils,potato,
milk,lettuce,lentils,carrot,tomato,oil,potato,
lentils,milk,potato,pepper,beans,salt,,
pepper,broccoli,yogurt,cereal,butter,juice,,
eggs,beans,chicken,pasta,milk,lettuce,,
yogurt,bread,pasta,rice,milk,tea,,
cabbage,lettuce,juice,tomato,spinach,,,
oil,tomato,pasta,cabbage,spinach,milk,lettuce,
cabbage,oil,salt,butter,flour,cheese,,
onion,coffee,flour,broccoli,oil,milk,carrot,bread
yogurt,lettuce,broccoli,butter,pepper,,,
milk,tea,coffee,onion,oil,,,
rice,coffee,tea,broccoli,cabbage,,,
juice,rice,lentils,oil,beans,,,
spinach,carrot,coffee,tomato,pasta,cereal,,
cheese,oil,onion,broccoli,cereal,,,
cabbage,tomato,carrot,lettuce,sugar,yogurt,butter,spinach
chicken,salt,bread,yogurt,beans,rice,,
rice,bread,coffee,beans,flour,tomato,tea,broccoli
flour,beans,cabbage,sugar,bread,cucumber,,
cheese,carrot,eggs,potato,bread,,,
bread,sugar,tomato,rice,tea,cucumber,,
cereal,carrot,juice,onion,cabbage,,,
carrot,juice,beans,potato,cheese,tomato,tea,
pasta,oil,cucumber,flour,cereal,onion,chicken,eggs
eggs,juice,milk,butter,lettuce,,,
flour,cheese,butter,potato,broccoli,bread,,
butter,bread,potato,sugar,eggs,,,
oil,cucumber,milk,potato,juice,,,
broccoli,tomato,oil,juice,coffee,,,
broccoli,milk,lentils,oil,lettuce,salt,,
carrot,flour,cucumber,tomato,pasta,,,
coffee,juice,eggs,broccoli,cereal,oil,,
butter,cereal,cabbage,coffee,bread,eggs,,
butter,oil,cucumber,sugar,coffee,cereal,tea,
pasta,beans,pepper,cheese,bread,lettuce,,
chicken,broccoli,juice,tea,cucumber,,,
spinach,tomato,butter,bread,milk,sugar,,
potato,onion,cabbage,pepper,beans,flour,,
bread,butter,rice,yogurt,pepper,,,
tomato,milk,broccoli,flour,eggs,bread,pasta,
bread,beans,coffee,milk,cheese,broccoli,onion,
potato,butter,spinach,broccoli,cheese,bread,milk,lentils
chicken,spinach,carrot,lentils,bread,,,
milk,rice,pasta,lettuce,coffee,pepper,cabbage,yogurt
sugar,oil,flour,bread,milk,broccoli,chicken,salt
cucumber,broccoli,carrot,chicken,yogurt,butter,eggs,
sugar,yogurt,cereal,cheese,pasta,,,
beans,eggs,lettuce,pasta,spinach,rice,sugar,yogurt
cheese,salt,pepper,milk,yogurt,potato,rice,
pasta,sugar,potato,milk,flour,carrot,broccoli,
beans,chicken,oil,coffee,tea,eggs,onion,bread
bread,carrot,yogurt,butter,chicken,,,
yogurt,lettuce,cheese,cabbage,spinach,juice,coffee,
pepper,rice,lentils,tea,beans,salt,carrot,
cucumber,chicken,sugar,yogurt,butter,rice,beans,
pepper,lentils,pasta,flour,tea,tomato,bread,
cheese,lettuce,cereal,bread,pepper,,,
chicken,tea,carrot,potato,eggs,juice,flour,lettuce
cucumber,cabbage,broccoli,pasta,cereal,lettuce,,
coffee,oil,lentils,sugar,cereal,cucumber,broccoli,beans
flour,sugar,cucumber,beans,bread,broccoli,,
broccoli,onion,milk,beans,juice,oil,lettuce,cereal
butter,broccoli,cereal,tea,cabbage,tomato,lentils,eggs
pepper,chicken,eggs,lettuce,milk,salt,cereal,pasta
chicken,tomato,carrot,juice,tea,butter,cabbage,
onion,salt,broccoli,coffee,cheese,cabbage,eggs,
milk,flour,chicken,potato,carrot,beans,,
carrot,oil,beans,onion,cabbage,pepper,eggs,milk
broccoli,lettuce,oil,butter,carrot,,,
cheese,oil,juice,butter,pasta,beans,onion,salt
spinach,potato,rice,juice,cucumber,,,
spinach,butter,cheese,tea,potato,carrot,,
chicken,beans,tea,milk,sugar,cereal,,
pasta,butter,beans,carrot,salt,,,
beans,salt,lentils,tomato,flour,sugar,potato,
rice,eggs,bread,flour,lettuce,milk,tomato,
onion,milk,beans,potato,cereal,,,
lentils,juice,spinach,butter,flour,pepper,pasta,
cabbage,cereal,broccoli,carrot,flour,tomato,juice,
spinach,broccoli,chicken,juice,salt,,,
cabbage,cereal,sugar,butter,onion,broccoli,coffee,
tomato,cabbage,coffee,flour,beans,,,
chicken,potato,lettuce,beans,rice,,,
spinach,oil,chicken,rice,pasta,lettuce,butter,
cucumber,pepper,cereal,potato,bread,yogurt,pasta,
lettuce,sugar,onion,broccoli,spinach,tea,,
bread,lentils,carrot,sugar,butter,oil,,
broccoli,chicken,milk,sugar,cabbage,,,
potato,cucumber,tomato,juice,lettuce,pasta,broccoli,beans
coffee,oil,tea,butter,cereal,cabbage,yogurt,
onion,carrot,cereal,pepper,coffee,,,
cheese,carrot,oil,flour,pepper,juice,lettuce,coffee
juice,carrot,onion,tomato,potato,,,
cereal,potato,yogurt,sugar,flour,onion,eggs,butter
spinach,yogurt,cabbage,potato,oil,rice,,
oil,chicken,carrot,cucumber,broccoli,,,
lentils,butter,salt,broccoli,tea,rice,cucumber,
juice,beans,flour,bread,carrot,potato,,
sugar,tea,potato,cucumber,cheese,eggs,lentils,
